index,name_eng,name_fr,type1,type2,height,weight,gen
001,Bulbasaur,Bulbizarre,Grass,Poison,0.7,6.9,1
002,Ivysaur,Herbizarre,Grass,Poison,1.0,13.0,1
003,Venusaur,Florizarre,Grass,Poison,2.0,100.0,1
004,Charmander,Salamèche,Fire,,0.6,8.5,1
005,Charmeleon,Reptincel,Fire,,1.1,19.0,1
006,Charizard,Dracaufeu,Fire,Flying,1.7,90.5,1
007,Squirtle,Carapuce,Water,,0.5,9.0,1
008,Wartortle,Carabaffe,Water,,1.0,22.5,1
009,Blastoise,Tortank,Water,,1.6,85.5,1
010,Caterpie,Chenipan,Bug,,0.3,2.9,1
011,Metapod,Chrysacier,Bug,,0.7,9.9,1
012,Butterfree,Papilusion,Bug,Flying,1.1,32.0,1
013,Weedle,Aspicot,Bug,Poison,0.3,3.2,1
014,Kakuna,Coconfort,Bug,Poison,0.6,10.0,1
015,Beedrill,Dardargnan,Bug,Poison,1.0,29.5,1
016,Pidgey,Roucool,Normal,Flying,0.3,1.8,1
017,Pidgeotto,Roucoups,Normal,Flying,1.1,30.0,1
018,Pidgeot,Roucarnage,Normal,Flying,1.5,39.5,1
019,Rattata,Rattata,Normal,,0.3,3.5,1
020,Raticate,Rattatac,Normal,,0.7,18.5,1
021,Spearow,Piafabec,Normal,Flying,0.3,2.0,1
022,Fearow,Rapasdepic,Normal,Flying,1.2,38.0,1
023,Ekans,Abo,Poison,,2.0,6.9,1
024,Arbok,Arbok,Poison,,3.5,65.0,1
025,Pikachu,Pikachu,Electric,,0.4,6.0,1
026,Raichu,Raichu,Electric,,0.8,30.0,1
027,Sandshrew,Sabelette,Ground,,0.6,12.0,1
028,Sandslash,Sablaireau,Ground,,1.0,29.5,1
029,Nidoran♀,Nidoran♀,Poison,,0.4,7.0,1
030,Nidorina,Nidorina,Poison,,0.8,20.0,1
031,Nidoqueen,Nidoqueen,Poison,Ground,1.3,60.0,1
032,Nidoran♂,Nidoran♂,Poison,,0.5,9.0,1
033,Nidorino,Nidorino,Poison,,0.9,19.5,1
034,Nidoking,Nidoking,Poison,Ground,1.4,62.0,1
035,Clefairy,Mélofée,Fairy,,0.6,7.5,1
036,Clefable,Mélodelfe,Fairy,,1.3,40.0,1
037,Vulpix,Goupix,Fire,,0.6,9.9,1
038,Ninetales,Feunard,Fire,,1.1,19.9,1
039,Jigglypuff,Rondoudou,Normal,Fairy,0.5,5.5,1
040,Wigglytuff,Grodoudou,Normal,Fairy,1.0,12.0,1
041,Zubat,Nosferapti,Poison,Flying,0.8,7.5,1
042,Golbat,Nosferalto,Poison,Flying,1.6,55.0,1
043,Oddish,Mystherbe,Grass,Poison,0.5,5.4,1
044,Gloom,Ortide,Grass,Poison,0.8,8.6,1
045,Vileplume,Rafflesia,Grass,Poison,1.2,18.6,1
046,Paras,Paras,Bug,Grass,0.3,5.4,1
047,Parasect,Parasect,Bug,Grass,1.0,29.5,1
048,Venonat,Mimitoss,Bug,Poison,1.0,30.0,1
049,Venomoth,Aéromite,Bug,Poison,1.5,12.5,1
050,Diglett,Taupiqueur,Ground,,0.2,0.8,1
051,Dugtrio,Triopikeur,Ground,,0.7,33.3,1
052,Meowth,Miaouss,Normal,,0.4,4.2,1
053,Persian,Persian,Normal,,1.0,32.0,1
054,Psyduck,Psykokwak,Water,,0.8,19.6,1
055,Golduck,Akwakwak,Water,,1.7,76.6,1
056,Mankey,Férosinge,Fighting,,0.5,28.0,1
057,Primeape,Colossinge,Fighting,,1.0,32.0,1
058,Growlithe,Caninos,Fire,,0.7,19.0,1
059,Arcanine,Arcanin,Fire,,1.9,155.0,1
060,Poliwag,Ptitard,Water,,0.6,12.4,1
061,Poliwhirl,Têtarte,Water,,1.0,20.0,1
062,Poliwrath,Tartard,Water,Fighting,1.3,54.0,1
063,Abra,Abra,Psychic,,0.9,19.5,1
064,Kadabra,Kadabra,Psychic,,1.3,56.5,1
065,Alakazam,Alakazam,Psychic,,1.5,48.0,1
066,Machop,Machoc,Fighting,,0.8,19.5,1
067,Machoke,Machopeur,Fighting,,1.5,70.5,1
068,Machamp,Mackogneur,Fighting,,1.6,130.0,1
069,Bellsprout,Chétiflor,Grass,Poison,0.7,4.0,1
070,Weepinbell,Boustiflor,Grass,Poison,1.0,6.4,1
071,Victreebel,Empiflor,Grass,Poison,1.7,15.5,1
072,Tentacool,Tentacool,Water,Poison,0.9,45.5,1
073,Tentacruel,Tentacruel,Water,Poison,1.6,55.0,1
074,Geodude,Racaillou,Rock,Ground,0.4,20.0,1
075,Graveler,Gravalanch,Rock,Ground,1.0,105.0,1
076,Golem,Grolem,Rock,Ground,1.4,300.0,1
077,Ponyta,Ponyta,Fire,,1.0,30.0,1
078,Rapidash,Galopa,Fire,,1.7,95.0,1
079,Slowpoke,Ramoloss,Water,Psychic,1.2,36.0,1
080,Slowbro,Flagadoss,Water,Psychic,1.6,78.5,1
081,Magnemite,Magnéti,Electric,Steel,0.3,6.0,1
082,Magneton,Magnéton,Electric,Steel,1.0,60.0,1
083,Farfetch'd,Canarticho,Normal,Flying,0.8,15.0,1
084,Doduo,Doduo,Normal,Flying,1.4,39.2,1
085,Dodrio,Dodrio,Normal,Flying,1.8,85.2,1
086,Seel,Otaria,Water,,1.1,90.0,1
087,Dewgong,Lamantine,Water,Ice,1.7,120.0,1
088,Grimer,Tadmorv,Poison,,0.9,30.0,1
089,Muk,Grotadmorv,Poison,,1.2,30.0,1
090,Shellder,Kokiyas,Water,,0.3,4.0,1
091,Cloyster,Crustabri,Water,Ice,1.5,132.5,1
092,Gastly,Fantominus,Ghost,Poison,1.3,0.1,1
093,Haunter,Spectrum,Ghost,Poison,1.6,0.1,1
094,Gengar,Ectoplasma,Ghost,Poison,1.5,40.5,1
095,Onix,Onix,Rock,Ground,8.8,210.0,1
096,Drowzee,Soporifik,Psychic,,1.0,32.4,1
097,Hypno,Hypnomade,Psychic,,1.6,75.6,1
098,Krabby,Krabby,Water,,0.4,6.5,1
099,Kingler,Krabboss,Water,,1.3,60.0,1
100,Voltorb,Voltorbe,Electric,,0.5,10.4,1
101,Electrode,Électrode,Electric,,1.2,66.6,1
102,Exeggcute,Noeunoeuf,Grass,Psychic,0.4,2.5,1
103,Exeggutor,Noadkoko,Grass,Psychic,2.0,120.0,1
104,Cubone,Osselait,Ground,,0.4,6.5,1
105,Marowak,Ossatueur,Ground,,1.0,45.0,1
106,Hitmonlee,Kicklee,Fighting,,1.5,49.8,1
107,Hitmonchan,Tygnon,Fighting,,1.4,50.2,1
108,Lickitung,Excelangue,Normal,,1.2,65.5,1
109,Koffing,Smogo,Poison,,0.6,1.0,1
110,Weezing,Smogogo,Poison,,1.2,9.5,1
111,Rhyhorn,Rhinocorne,Ground,Rock,1.0,115.0,1
112,Rhydon,Rhinoféros,Ground,Rock,1.9,120.0,1
113,Chansey,Leveinard,Normal,,1.1,34.6,1
114,Tangela,Saquedeneu,Grass,,1.0,35.0,1
115,Kangaskhan,Kangourex,Normal,,2.2,80.0,1
116,Horsea,Hypotrempe,Water,,0.4,8.0,1
117,Seadra,Hypocéan,Water,,1.2,25.0,1
118,Goldeen,Poissirène,Water,,0.6,15.0,1
119,Seaking,Poissoroy,Water,,1.3,39.0,1
120,Staryu,Stari,Water,,0.8,34.5,1
121,Starmie,Staross,Water,Psychic,1.1,80.0,1
122,Mr. Mime,M. Mime,Psychic,Fairy,1.3,54.5,1
123,Scyther,Insécateur,Bug,Flying,1.5,56.0,1
124,Jynx,Lippoutou,Ice,Psychic,1.4,40.6,1
125,Electabuzz,Élektek,Electric,,1.1,30.0,1
126,Magmar,Magmar,Fire,,1.3,44.5,1
127,Pinsir,Scarabrute,Bug,,1.5,55.0,1
128,Tauros,Tauros,Normal,,1.4,88.4,1
129,Magikarp,Magicarpe,Water,,0.9,10.0,1
130,Gyarados,Léviator,Water,Flying,6.5,235.0,1
131,Lapras,Lokhlass,Water,Ice,2.5,220.0,1
132,Ditto,Métamorph,Normal,,0.3,4.0,1
133,Eevee,Évoli,Normal,,0.3,6.5,1
134,Vaporeon,Aquali,Water,,1.0,29.0,1
135,Jolteon,Voltali,Electric,,0.8,24.5,1
136,Flareon,Pyroli,Fire,,0.9,25.0,1
137,Porygon,Porygon,Normal,,0.8,36.5,1
138,Omanyte,Amonita,Rock,Water,0.4,7.5,1
139,Omastar,Amonistar,Rock,Water,1.0,35.0,1
140,Kabuto,Kabuto,Rock,Water,0.5,11.5,1
141,Kabutops,Kabutops,Rock,Water,1.3,40.5,1
142,Aerodactyl,Ptéra,Rock,Flying,1.8,59.0,1
143,Snorlax,Ronflex,Normal,,2.1,460.0,1
144,Articuno,Artikodin,Ice,Flying,1.7,55.4,1
145,Zapdos,Électhor,Electric,Flying,1.6,52.6,1
146,Moltres,Sulfura,Fire,Flying,2.0,60.0,1
147,Dratini,Minidraco,Dragon,,1.8,3.3,1
148,Dragonair,Draco,Dragon,,4.0,16.5,1
149,Dragonite,Dracolosse,Dragon,Flying,2.2,210.0,1
150,Mewtwo,Mewtwo,Psychic,,2.0,122.0,1
151,Mew,Mew,Psychic,,0.4,4.0,1
152,Chikorita,Germignon,Grass,,0.9,6.4,2
153,Bayleef,Macronium,Grass,,1.2,15.8,2
154,Meganium,Méganium,Grass,,1.8,100.5,2
155,Cyndaquil,Héricendre,Fire,,0.5,7.9,2
156,Quilava,Feurisson,Fire,,0.9,19.0,2
157,Typhlosion,Typhlosion,Fire,,1.7,79.5,2
158,Totodile,Kaiminus,Water,,0.6,9.5,2
159,Croconaw,Crocrodil,Water,,1.1,25.0,2
160,Feraligatr,Aligatueur,Water,,2.3,88.8,2
161,Sentret,Fouinette,Normal,,0.8,6.0,2
162,Furret,Fouinar,Normal,,1.8,32.5,2
163,Hoothoot,Hoothoot,Normal,Flying,0.7,21.2,2
164,Noctowl,Noarfang,Normal,Flying,1.6,40.8,2
165,Ledyba,Coxy,Bug,Flying,1.0,10.8,2
166,Ledian,Coxyclaque,Bug,Flying,1.4,35.6,2
167,Spinarak,Mimigal,Bug,Poison,0.5,8.5,2
168,Ariados,Migalos,Bug,Poison,1.1,33.5,2
169,Crobat,Nostenfer,Poison,Flying,1.8,75.0,2
170,Chinchou,Loupio,Water,Electric,0.5,12.0,2
171,Lanturn,Lanturn,Water,Electric,1.2,22.5,2
172,Pichu,Pichu,Electric,,0.3,2.0,2
173,Cleffa,Mélo,Fairy,,0.3,3.0,2
174,Igglybuff,Toudoudou,Normal,Fairy,0.3,1.0,2
175,Togepi,Togepi,Fairy,,0.3,1.5,2
176,Togetic,Togetic,Fairy,Flying,0.6,3.2,2
177,Natu,Natu,Psychic,Flying,0.2,2.0,2
178,Xatu,Xatu,Psychic,Flying,1.5,15.0,2
179,Mareep,Wattouat,Electric,,0.6,7.8,2
180,Flaaffy,Lainergie,Electric,,0.8,13.3,2
181,Ampharos,Pharamp,Electric,,1.4,61.5,2
182,Bellossom,Joliflor,Grass,,0.4,5.8,2
183,Marill,Marill,Water,Fairy,0.4,8.5,2
184,Azumarill,Azumarill,Water,Fairy,0.8,28.5,2
185,Sudowoodo,Simularbre,Rock,,1.2,38.0,2
186,Politoed,Tarpaud,Water,,1.1,33.9,2
187,Hoppip,Granivol,Grass,Flying,0.4,0.5,2
188,Skiploom,Floravol,Grass,Flying,0.6,1.0,2
189,Jumpluff,Cotovol,Grass,Flying,0.8,3.0,2
190,Aipom,Capumain,Normal,,0.8,11.5,2
191,Sunkern,Tournegrin,Grass,,0.3,1.8,2
192,Sunflora,Héliatronc,Grass,,0.8,8.5,2
193,Yanma,Yanma,Bug,Flying,1.2,38.0,2
194,Wooper,Axoloto,Water,Ground,0.4,8.5,2
195,Quagsire,Maraiste,Water,Ground,1.4,75.0,2
196,Espeon,Mentali,Psychic,,0.9,26.5,2
197,Umbreon,Noctali,Dark,,1.0,27.0,2
198,Murkrow,Cornèbre,Dark,Flying,0.5,2.1,2
199,Slowking,Roigada,Water,Psychic,2.0,79.5,2
200,Misdreavus,Feuforêve,Ghost,,0.7,1.0,2
201,Unown,Zarbi,Psychic,,0.5,5.0,2
202,Wobbuffet,Qulbutoké,Psychic,,1.3,28.5,2
203,Girafarig,Girafarig,Normal,Psychic,1.5,41.5,2
204,Pineco,Pomdepik,Bug,,0.6,7.2,2
205,Forretress,Foretress,Bug,Steel,1.2,125.8,2
206,Dunsparce,Insolourdo,Normal,,1.5,14.0,2
207,Gligar,Scorplane,Ground,Flying,1.1,64.8,2
208,Steelix,Steelix,Steel,Ground,9.2,400.0,2
209,Snubbull,Snubbull,Fairy,,0.6,7.8,2
210,Granbull,Granbull,Fairy,,1.4,48.7,2
211,Qwilfish,Qwilfish,Water,Poison,0.5,3.9,2
212,Scizor,Cizayox,Bug,Steel,1.8,118.0,2
213,Shuckle,Caratroc,Bug,Rock,0.6,20.5,2
214,Heracross,Scarhino,Bug,Fighting,1.5,54.0,2
215,Sneasel,Farfuret,Dark,Ice,0.9,28.0,2
216,Teddiursa,Teddiursa,Normal,,0.6,8.8,2
217,Ursaring,Ursaring,Normal,,1.8,125.8,2
218,Slugma,Limagma,Fire,,0.7,35.0,2
219,Magcargo,Volcaropod,Fire,Rock,0.8,55.0,2
220,Swinub,Marcacrin,Ice,Ground,0.4,6.5,2
221,Piloswine,Cochignon,Ice,Ground,1.1,55.8,2
222,Corsola,Corayon,Water,Rock,0.6,5.0,2
223,Remoraid,Rémoraid,Water,,0.6,12.0,2
224,Octillery,Octillery,Water,,0.9,28.5,2
225,Delibird,Cadoizo,Ice,Flying,0.9,16.0,2
226,Mantine,Démanta,Water,Flying,2.1,220.0,2
227,Skarmory,Airmure,Steel,Flying,1.7,50.5,2
228,Houndour,Malosse,Dark,Fire,0.6,10.8,2
229,Houndoom,Démolosse,Dark,Fire,1.4,35.0,2
230,Kingdra,Hyporoi,Water,Dragon,1.8,152.0,2
231,Phanpy,Phanpy,Ground,,0.5,33.5,2
232,Donphan,Donphan,Ground,,1.1,120.0,2
233,Porygon2,Porygon2,Normal,,0.6,32.5,2
234,Stantler,Cerfrousse,Normal,,1.4,71.2,2
235,Smeargle,Queulorior,Normal,,1.2,58.0,2
236,Tyrogue,Debugant,Fighting,,0.7,21.0,2
237,Hitmontop,Kapoera,Fighting,,1.4,48.0,2
238,Smoochum,Lippouti,Ice,Psychic,0.4,6.0,2
239,Elekid,Élekid,Electric,,0.6,23.5,2
240,Magby,Magby,Fire,,0.7,21.4,2
241,Miltank,Écrémeuh,Normal,,1.2,75.5,2
242,Blissey,Leuphorie,Normal,,1.5,46.8,2
243,Raikou,Raikou,Electric,,1.9,178.0,2
244,Entei,Entei,Fire,,2.1,198.0,2
245,Suicune,Suicune,Water,,2.0,187.0,2
246,Larvitar,Embrylex,Rock,Ground,0.6,72.0,2
247,Pupitar,Ymphect,Rock,Ground,1.2,152.0,2
248,Tyranitar,Tyranocif,Rock,Dark,2.0,202.0,2
249,Lugia,Lugia,Psychic,Flying,5.2,216.0,2
250,Ho-oh,Ho-Oh,Fire,Flying,3.8,199.0,2
251,Celebi,Celebi,Psychic,Grass,0.6,5.0,2
252,Treecko,Arcko,Grass,,0.5,5.0,3
253,Grovyle,Massko,Grass,,0.9,21.6,3
254,Sceptile,Jungko,Grass,,1.7,52.2,3
255,Torchic,Poussifeu,Fire,,0.4,2.5,3
256,Combusken,Galifeu,Fire,Fighting,0.9,19.5,3
257,Blaziken,Braségali,Fire,Fighting,1.9,52.0,3
258,Mudkip,Gobou,Water,,0.4,7.6,3
259,Marshtomp,Flobio,Water,Ground,0.7,28.0,3
260,Swampert,Laggron,Water,Ground,1.5,81.9,3
261,Poochyena,Medhyèna,Dark,,0.5,13.6,3
262,Mightyena,Grahyèna,Dark,,1.0,37.0,3
263,Zigzagoon,Zigzaton,Normal,,0.4,17.5,3
264,Linoone,Linéon,Normal,,0.5,32.5,3
265,Wurmple,Chenipotte,Bug,,0.3,3.6,3
266,Silcoon,Armulys,Bug,,0.6,10.0,3
267,Beautifly,Charmillon,Bug,Flying,1.0,28.4,3
268,Cascoon,Blindalys,Bug,,0.7,11.5,3
269,Dustox,Papinox,Bug,Poison,1.2,31.6,3
270,Lotad,Nénupiot,Water,Grass,0.5,2.6,3
271,Lombre,Lombre,Water,Grass,1.2,32.5,3
272,Ludicolo,Ludicolo,Water,Grass,1.5,55.0,3
273,Seedot,Grainipiot,Grass,,0.5,4.0,3
274,Nuzleaf,Pifeuil,Grass,Dark,1.0,28.0,3
275,Shiftry,Tengalice,Grass,Dark,1.3,59.6,3
276,Taillow,Nirondelle,Normal,Flying,0.3,2.3,3
277,Swellow,Hélédelle,Normal,Flying,0.7,19.8,3
278,Wingull,Goélise,Water,Flying,0.6,9.5,3
279,Pelipper,Bekipan,Water,Flying,1.2,28.0,3
280,Ralts,Tarsal,Psychic,Fairy,0.4,6.6,3
281,Kirlia,Kirlia,Psychic,Fairy,0.8,20.2,3
282,Gardevoir,Gardevoir,Psychic,Fairy,1.6,48.4,3
283,Surskit,Arakdo,Bug,Water,0.5,1.7,3
284,Masquerain,Maskadra,Bug,Flying,0.8,3.6,3
285,Shroomish,Balignon,Grass,,0.4,4.5,3
286,Breloom,Chapignon,Grass,Fighting,1.2,39.2,3
287,Slakoth,Parecool,Normal,,0.8,24.0,3
288,Vigoroth,Vigoroth,Normal,,1.4,46.5,3
289,Slaking,Monaflèmit,Normal,,2.0,130.5,3
290,Nincada,Ningale,Bug,Ground,0.5,5.5,3
291,Ninjask,Ninjask,Bug,Flying,0.8,12.0,3
292,Shedinja,Munja,Bug,Ghost,0.8,1.2,3
293,Whismur,Chuchmur,Normal,,0.6,16.3,3
294,Loudred,Ramboum,Normal,,1.0,40.5,3
295,Exploud,Brouhabam,Normal,,1.5,84.0,3
296,Makuhita,Makuhita,Fighting,,1.0,86.4,3
297,Hariyama,Hariyama,Fighting,,2.3,253.8,3
298,Azurill,Azurill,Normal,Fairy,0.2,2.0,3
299,Nosepass,Tarinor,Rock,,1.0,97.0,3
300,Skitty,Skitty,Normal,,0.6,11.0,3
301,Delcatty,Delcatty,Normal,,1.1,32.6,3
302,Sableye,Ténéfix,Dark,Ghost,0.5,11.0,3
303,Mawile,Mysdibule,Steel,Fairy,0.6,11.5,3
304,Aron,Galekid,Steel,Rock,0.4,60.0,3
305,Lairon,Galegon,Steel,Rock,0.9,120.0,3
306,Aggron,Galeking,Steel,Rock,2.1,360.0,3
307,Meditite,Méditikka,Fighting,Psychic,0.6,11.2,3
308,Medicham,Charmina,Fighting,Psychic,1.3,31.5,3
309,Electrike,Dynavolt,Electric,,0.6,15.2,3
310,Manectric,Élecsprint,Electric,,1.5,40.2,3
311,Plusle,Posipi,Electric,,0.4,4.2,3
312,Minun,Négapi,Electric,,0.4,4.2,3
313,Volbeat,Muciole,Bug,,0.7,17.7,3
314,Illumise,Lumivole,Bug,,0.6,17.7,3
315,Roselia,Rosélia,Grass,Poison,0.3,2.0,3
316,Gulpin,Gloupti,Poison,,0.4,10.3,3
317,Swalot,Avaltout,Poison,,1.7,80.0,3
318,Carvanha,Carvanha,Water,Dark,0.8,20.8,3
319,Sharpedo,Sharpedo,Water,Dark,1.8,88.8,3
320,Wailmer,Wailmer,Water,,2.0,130.0,3
321,Wailord,Wailord,Water,,14.5,398.0,3
322,Numel,Chamallot,Fire,Ground,0.7,24.0,3
323,Camerupt,Camérupt,Fire,Ground,1.9,220.0,3
324,Torkoal,Chartor,Fire,,0.5,80.4,3
325,Spoink,Spoink,Psychic,,0.7,30.6,3
326,Grumpig,Groret,Psychic,,0.9,71.5,3
327,Spinda,Spinda,Normal,,1.1,5.0,3
328,Trapinch,Kraknoix,Ground,,0.7,15.0,3
329,Vibrava,Vibraninf,Ground,Dragon,1.1,15.3,3
330,Flygon,Libégon,Ground,Dragon,2.0,82.0,3
331,Cacnea,Cacnea,Grass,,0.4,51.3,3
332,Cacturne,Cacturne,Grass,Dark,1.3,77.4,3
333,Swablu,Tylton,Normal,Flying,0.4,1.2,3
334,Altaria,Altaria,Dragon,Flying,1.1,20.6,3
335,Zangoose,Mangriff,Normal,,1.3,40.3,3
336,Seviper,Séviper,Poison,,2.7,52.5,3
337,Lunatone,Séléroc,Rock,Psychic,1.0,168.0,3
338,Solrock,Solaroc,Rock,Psychic,1.2,154.0,3
339,Barboach,Barloche,Water,Ground,0.4,1.9,3
340,Whiscash,Barbicha,Water,Ground,0.9,23.6,3
341,Corphish,Écrapince,Water,,0.6,11.5,3
342,Crawdaunt,Colhomard,Water,Dark,1.1,32.8,3
343,Baltoy,Balbuto,Ground,Psychic,0.5,21.5,3
344,Claydol,Kaorine,Ground,Psychic,1.5,108.0,3
345,Lileep,Lilia,Rock,Grass,1.0,23.8,3
346,Cradily,Vacilys,Rock,Grass,1.5,60.4,3
347,Anorith,Anorith,Rock,Bug,0.7,12.5,3
348,Armaldo,Armaldo,Rock,Bug,1.5,68.2,3
349,Feebas,Barpau,Water,,0.6,7.4,3
350,Milotic,Milobellus,Water,,6.2,162.0,3
351,Castform,Morphéo,Normal,,0.3,0.8,3
352,Kecleon,Kecleon,Normal,,1.0,22.0,3
353,Shuppet,Polichombr,Ghost,,0.6,2.3,3
354,Banette,Branette,Ghost,,1.1,12.5,3
355,Duskull,Skelénox,Ghost,,0.8,15.0,3
356,Dusclops,Téraclope,Ghost,,1.6,30.6,3
357,Tropius,Tropius,Grass,Flying,2.0,100.0,3
358,Chimecho,Éoko,Psychic,,0.6,1.0,3
359,Absol,Absol,Dark,,1.2,47.0,3
360,Wynaut,Okéoké,Psychic,,0.6,14.0,3
361,Snorunt,Stalgamin,Ice,,0.7,16.8,3
362,Glalie,Oniglali,Ice,,1.5,256.5,3
363,Spheal,Obalie,Ice,Water,0.8,39.5,3
364,Sealeo,Phogleur,Ice,Water,1.1,87.6,3
365,Walrein,Kaimorse,Ice,Water,1.4,150.6,3
366,Clamperl,Coquiperl,Water,,0.4,52.5,3
367,Huntail,Serpang,Water,,1.7,27.0,3
368,Gorebyss,Rosabyss,Water,,1.8,22.6,3
369,Relicanth,Relicanth,Water,Rock,1.0,23.4,3
370,Luvdisc,Lovdisc,Water,,0.6,8.7,3
371,Bagon,Draby,Dragon,,0.6,42.1,3
372,Shelgon,Drackhaus,Dragon,,1.1,110.5,3
373,Salamence,Drattak,Dragon,Flying,1.5,102.6,3
374,Beldum,Terhal,Steel,Psychic,0.6,95.2,3
375,Metang,Métang,Steel,Psychic,1.2,202.5,3
376,Metagross,Métalosse,Steel,Psychic,1.6,550.0,3
377,Regirock,Regirock,Rock,,1.7,230.0,3
378,Regice,Regice,Ice,,1.8,175.0,3
379,Registeel,Registeel,Steel,,1.9,205.0,3
380,Latias,Latias,Dragon,Psychic,1.4,40.0,3
381,Latios,Latios,Dragon,Psychic,2.0,60.0,3
382,Kyogre,Kyogre,Water,,4.5,352.0,3
383,Groudon,Groudon,Ground,,3.5,950.0,3
384,Rayquaza,Rayquaza,Dragon,Flying,7.0,206.5,3
385,Jirachi,Jirachi,Steel,Psychic,0.3,1.1,3
386,Deoxys,Deoxys,Psychic,,1.7,60.8,3
387,Turtwig,Tortipouss,Grass,,0.4,10.2,4
388,Grotle,Boskara,Grass,,1.1,97.0,4
389,Torterra,Torterra,Grass,Ground,2.2,310.0,4
390,Chimchar,Ouisticram,Fire,,0.5,6.2,4
391,Monferno,Chimpenfeu,Fire,Fighting,0.9,22.0,4
392,Infernape,Simiabraz,Fire,Fighting,1.2,55.0,4
393,Piplup,Tiplouf,Water,,0.4,5.2,4
394,Prinplup,Prinplouf,Water,,0.8,23.0,4
395,Empoleon,Pingoléon,Water,Steel,1.7,84.5,4
396,Starly,Étourmi,Normal,Flying,0.3,2.0,4
397,Staravia,Étourvol,Normal,Flying,0.6,15.5,4
398,Staraptor,Étouraptor,Normal,Flying,1.2,24.9,4
399,Bidoof,Keunotor,Normal,,0.5,20.0,4
400,Bibarel,Castorno,Normal,Water,1.0,31.5,4
401,Kricketot,Crikzik,Bug,,0.3,2.2,4
402,Kricketune,Mélokrik,Bug,,1.0,25.5,4
403,Shinx,Lixy,Electric,,0.5,9.5,4
404,Luxio,Luxio,Electric,,0.9,30.5,4
405,Luxray,Luxray,Electric,,1.4,42.0,4
406,Budew,Rozbouton,Grass,Poison,0.2,1.2,4
407,Roserade,Roserade,Grass,Poison,0.9,14.5,4
408,Cranidos,Kranidos,Rock,,0.9,31.5,4
409,Rampardos,Charkos,Rock,,1.6,102.5,4
410,Shieldon,Dinoclier,Rock,Steel,0.5,57.0,4
411,Bastiodon,Bastiodon,Rock,Steel,1.3,149.5,4
412,Burmy,Cheniti,Bug,,0.2,3.4,4
413,Wormadam,Cheniselle,Bug,Grass,0.5,6.5,4
414,Mothim,Papilord,Bug,Flying,0.9,23.3,4
415,Combee,Apitrini,Bug,Flying,0.3,5.5,4
416,Vespiquen,Apireine,Bug,Flying,1.2,38.5,4
417,Pachirisu,Pachirisu,Electric,,0.4,3.9,4
418,Buizel,Mustébouée,Water,,0.7,29.5,4
419,Floatzel,Mustéflott,Water,,1.1,33.5,4
420,Cherubi,Ceribou,Grass,,0.4,3.3,4
421,Cherrim,Ceriflor,Grass,,0.5,9.3,4
422,Shellos,Sancoki,Water,,0.3,6.3,4
423,Gastrodon,Tritosor,Water,Ground,0.9,29.9,4
424,Ambipom,Capidextre,Normal,,1.2,20.3,4
425,Drifloon,Baudrive,Ghost,Flying,0.4,1.2,4
426,Drifblim,Grodrive,Ghost,Flying,1.2,15.0,4
427,Buneary,Laporeille,Normal,,0.4,5.5,4
428,Lopunny,Lockpin,Normal,,1.2,33.3,4
429,Mismagius,Magirêve,Ghost,,0.9,4.4,4
430,Honchkrow,Corboss,Dark,Flying,0.9,27.3,4
431,Glameow,Chaglam,Normal,,0.5,3.9,4
432,Purugly,Chaffreux,Normal,,1.0,43.8,4
433,Chingling,Korillon,Psychic,,0.2,0.6,4
434,Stunky,Moufouette,Poison,Dark,0.4,19.2,4
435,Skuntank,Moufflair,Poison,Dark,1.0,38.0,4
436,Bronzor,Archéomire,Steel,Psychic,0.5,60.5,4
437,Bronzong,Archéodong,Steel,Psychic,1.3,187.0,4
438,Bonsly,Manzaï,Rock,,0.5,15.0,4
439,Mime Jr.,Mime Jr,Psychic,Fairy,0.6,13.0,4
440,Happiny,Ptiravi,Normal,,0.6,24.4,4
441,Chatot,Pijako,Normal,Flying,0.5,1.9,4
442,Spiritomb,Spiritomb,Ghost,Dark,1.0,108.0,4
443,Gible,Griknot,Dragon,Ground,0.7,20.5,4
444,Gabite,Carmache,Dragon,Ground,1.4,56.0,4
445,Garchomp,Carchacrok,Dragon,Ground,1.9,95.0,4
446,Munchlax,Goinfrex,Normal,,0.6,105.0,4
447,Riolu,Riolu,Fighting,,0.7,20.2,4
448,Lucario,Lucario,Fighting,Steel,1.2,54.0,4
449,Hippopotas,Hippopotas,Ground,,0.8,49.5,4
450,Hippowdon,Hippodocus,Ground,,2.0,300.0,4
451,Skorupi,Rapion,Poison,Bug,0.8,12.0,4
452,Drapion,Drascore,Poison,Dark,1.3,61.5,4
453,Croagunk,Cradopaud,Poison,Fighting,0.7,23.0,4
454,Toxicroak,Coatox,Poison,Fighting,1.3,44.4,4
455,Carnivine,Vortente,Grass,,1.4,27.0,4
456,Finneon,Écayon,Water,,0.4,7.0,4
457,Lumineon,Luminéon,Water,,1.2,24.0,4
458,Mantyke,Babimanta,Water,Flying,1.0,65.0,4
459,Snover,Blizzi,Grass,Ice,1.0,50.5,4
460,Abomasnow,Blizzaroi,Grass,Ice,2.2,135.5,4
461,Weavile,Dimoret,Dark,Ice,1.1,34.0,4
462,Magnezone,Magnézone,Electric,Steel,1.2,180.0,4
463,Lickilicky,Coudlangue,Normal,,1.7,140.0,4
464,Rhyperior,Rhinastoc,Ground,Rock,2.4,282.8,4
465,Tangrowth,Bouldeneu,Grass,,2.0,128.6,4
466,Electivire,Élekable,Electric,,1.8,138.6,4
467,Magmortar,Maganon,Fire,,1.6,68.0,4
468,Togekiss,Togekiss,Fairy,Flying,1.5,38.0,4
469,Yanmega,Yanméga,Bug,Flying,1.9,51.5,4
470,Leafeon,Phyllali,Grass,,1.0,25.5,4
471,Glaceon,Givrali,Ice,,0.8,25.9,4
472,Gliscor,Scorvol,Ground,Flying,2.0,42.5,4
473,Mamoswine,Mammochon,Ice,Ground,2.5,291.0,4
474,Porygon-Z,Porygon-Z,Normal,,0.9,34.0,4
475,Gallade,Gallame,Psychic,Fighting,1.6,52.0,4
476,Probopass,Tarinorme,Rock,Steel,1.4,340.0,4
477,Dusknoir,Noctunoir,Ghost,,2.2,106.6,4
478,Froslass,Momartik,Ice,Ghost,1.3,26.6,4
479,Rotom,Motisma,Electric,Ghost,0.3,0.3,4
480,Uxie,Créhelf,Psychic,,0.3,0.3,4
481,Mesprit,Créfollet,Psychic,,0.3,0.3,4
482,Azelf,Créfadet,Psychic,,0.3,0.3,4
483,Dialga,Dialga,Steel,Dragon,5.4,683.0,4
484,Palkia,Palkia,Water,Dragon,4.2,336.0,4
485,Heatran,Heatran,Fire,Steel,1.7,430.0,4
486,Regigigas,Regigigas,Normal,,3.7,420.0,4
487,Giratina,Giratina,Ghost,Dragon,4.5,750.0,4
488,Cresselia,Cresselia,Psychic,,1.5,85.6,4
489,Phione,Phione,Water,,0.4,3.1,4
490,Manaphy,Manaphy,Water,,0.3,1.4,4
491,Darkrai,Darkrai,Dark,,1.5,50.5,4
492,Shaymin,Shaymin,Grass,,0.2,2.1,4
493,Arceus,Arceus,Normal,,3.2,320.0,4
494,Victini,Victini,Psychic,Fire,0.4,4.0,5
495,Snivy,Vipélierre,Grass,,0.6,8.1,5
496,Servine,Lianaja,Grass,,0.8,16.0,5
497,Serperior,Majaspic,Grass,,3.3,63.0,5
498,Tepig,Gruikui,Fire,,0.5,9.9,5
499,Pignite,Grotichon,Fire,Fighting,1.0,55.5,5
500,Emboar,Roitiflam,Fire,Fighting,1.6,150.0,5
501,Oshawott,Moustillon,Water,,0.5,5.9,5
502,Dewott,Mateloutre,Water,,0.8,24.5,5
503,Samurott,Clamiral,Water,,1.5,94.6,5
504,Patrat,Ratentif,Normal,,0.5,11.6,5
505,Watchog,Miradar,Normal,,1.1,27.0,5
506,Lillipup,Ponchiot,Normal,,0.4,4.1,5
507,Herdier,Ponchien,Normal,,0.9,14.7,5
508,Stoutland,Mastouffe,Normal,,1.2,61.0,5
509,Purrloin,Chacripan,Dark,,0.4,10.1,5
510,Liepard,Léopardus,Dark,,1.1,37.5,5
511,Pansage,Feuillajou,Grass,,0.6,10.5,5
512,Simisage,Feuiloutan,Grass,,1.1,30.5,5
513,Pansear,Flamajou,Fire,,0.6,11.0,5
514,Simisear,Flamoutan,Fire,,1.0,28.0,5
515,Panpour,Flotajou,Water,,0.6,13.5,5
516,Simipour,Flotoutan,Water,,1.0,29.0,5
517,Munna,Munna,Psychic,,0.6,23.3,5
518,Musharna,Mushana,Psychic,,1.1,60.5,5
519,Pidove,Poichigeon,Normal,Flying,0.3,2.1,5
520,Tranquill,Colombeau,Normal,Flying,0.6,15.0,5
521,Unfezant,Déflaisan,Normal,Flying,1.2,29.0,5
522,Blitzle,Zébribon,Electric,,0.8,29.8,5
523,Zebstrika,Zéblitz,Electric,,1.6,79.5,5
524,Roggenrola,Nodulithe,Rock,,0.4,18.0,5
525,Boldore,Géolithe,Rock,,0.9,102.0,5
526,Gigalith,Gigalithe,Rock,,1.7,260.0,5
527,Woobat,Chovsourir,Psychic,Flying,0.4,2.1,5
528,Swoobat,Rhinolove,Psychic,Flying,0.9,10.5,5
529,Drilbur,Rototaupe,Ground,,0.3,8.5,5
530,Excadrill,Minotaupe,Ground,Steel,0.7,40.4,5
531,Audino,Nanméouïe,Normal,,1.1,31.0,5
532,Timburr,Charpenti,Fighting,,0.6,12.5,5
533,Gurdurr,Ouvrifier,Fighting,,1.2,40.0,5
534,Conkeldurr,Bétochef,Fighting,,1.4,87.0,5
535,Tympole,Tritonde,Water,,0.5,4.5,5
536,Palpitoad,Batracné,Water,Ground,0.8,17.0,5
537,Seismitoad,Crapustule,Water,Ground,1.5,62.0,5
538,Throh,Judokrak,Fighting,,1.3,55.5,5
539,Sawk,Karaclée,Fighting,,1.4,51.0,5
540,Sewaddle,Larveyette,Bug,Grass,0.3,2.5,5
541,Swadloon,Couverdure,Bug,Grass,0.5,7.3,5
542,Leavanny,Manternel,Bug,Grass,1.2,20.5,5
543,Venipede,Venipatte,Bug,Poison,0.4,5.3,5
544,Whirlipede,Scobolide,Bug,Poison,1.2,58.5,5
545,Scolipede,Brutapode,Bug,Poison,2.5,200.5,5
546,Cottonee,Doudouvet,Grass,Fairy,0.3,0.6,5
547,Whimsicott,Farfaduvet,Grass,Fairy,0.7,6.6,5
548,Petilil,Chlorobule,Grass,,0.5,6.6,5
549,Lilligant,Fragilady,Grass,,1.1,16.3,5
550,Basculin,Bargantua,Water,,1.0,18.0,5
551,Sandile,Mascaïman,Ground,Dark,0.7,15.2,5
552,Krokorok,Escroco,Ground,Dark,1.0,33.4,5
553,Krookodile,Crocorible,Ground,Dark,1.5,96.3,5
554,Darumaka,Darumarond,Fire,,0.6,37.5,5
555,Darmanitan,Darumacho,Fire,,1.3,92.9,5
556,Maractus,Maracachi,Grass,,1.0,28.0,5
557,Dwebble,Crabicoque,Bug,Rock,0.3,14.5,5
558,Crustle,Crabaraque,Bug,Rock,1.4,200.0,5
559,Scraggy,Baggiguane,Dark,Fighting,0.6,11.8,5
560,Scrafty,Baggaïd,Dark,Fighting,1.1,30.0,5
561,Sigilyph,Cryptéro,Psychic,Flying,1.4,14.0,5
562,Yamask,Tutafeh,Ghost,,0.5,1.5,5
563,Cofagrigus,Tutankafer,Ghost,,1.7,76.5,5
564,Tirtouga,Carapagos,Water,Rock,0.7,16.5,5
565,Carracosta,Mégapagos,Water,Rock,1.2,81.0,5
566,Archen,Arkéapti,Rock,Flying,0.5,9.5,5
567,Archeops,Aéroptéryx,Rock,Flying,1.4,32.0,5
568,Trubbish,Miamiasme,Poison,,0.6,31.0,5
569,Garbodor,Miasmax,Poison,,1.9,107.3,5
570,Zorua,Zorua,Dark,,0.7,12.5,5
571,Zoroark,Zoroark,Dark,,1.6,81.1,5
572,Minccino,Chinchidou,Normal,,0.4,5.8,5
573,Cinccino,Pashmilla,Normal,,0.5,7.5,5
574,Gothita,Scrutella,Psychic,,0.4,5.8,5
575,Gothorita,Mesmérella,Psychic,,0.7,18.0,5
576,Gothitelle,Sidérella,Psychic,,1.5,44.0,5
577,Solosis,Nucléos,Psychic,,0.3,1.0,5
578,Duosion,Méios,Psychic,,0.6,8.0,5
579,Reuniclus,Symbios,Psychic,,1.0,20.1,5
580,Ducklett,Couaneton,Water,Flying,0.5,5.5,5
581,Swanna,Lakmécygne,Water,Flying,1.3,24.2,5
582,Vanillite,Sorbébé,Ice,,0.4,5.7,5
583,Vanillish,Sorboul,Ice,,1.1,41.0,5
584,Vanilluxe,Sorbouboul,Ice,,1.3,57.5,5
585,Deerling,Vivaldaim,Normal,Grass,0.6,19.5,5
586,Sawsbuck,Haydaim,Normal,Grass,1.9,92.5,5
587,Emolga,Emolga,Electric,Flying,0.4,5.0,5
588,Karrablast,Carabing,Bug,,0.5,5.9,5
589,Escavalier,Lançargot,Bug,Steel,1.0,33.0,5
590,Foongus,Trompignon,Grass,Poison,0.2,1.0,5
591,Amoonguss,Gaulet,Grass,Poison,0.6,10.5,5
592,Frillish,Viskuse,Water,Ghost,1.2,33.0,5
593,Jellicent,Moyade,Water,Ghost,2.2,135.0,5
594,Alomomola,Mamanbo,Water,,1.2,31.6,5
595,Joltik,Statitik,Bug,Electric,0.1,0.6,5
596,Galvantula,Mygavolt,Bug,Electric,0.8,14.3,5
597,Ferroseed,Grindur,Grass,Steel,0.6,18.8,5
598,Ferrothorn,Noacier,Grass,Steel,1.0,110.0,5
599,Klink,Tic,Steel,,0.3,21.0,5
600,Klang,Clic,Steel,,0.6,51.0,5
601,Klinklang,Cliticlic,Steel,,0.6,81.0,5
602,Tynamo,Anchwatt,Electric,,0.2,0.3,5
603,Eelektrik,Lampéroie,Electric,,1.2,22.0,5
604,Eelektross,Ohmassacre,Electric,,2.1,80.5,5
605,Elgyem,Lewsor,Psychic,,0.5,9.0,5
606,Beheeyem,Neitram,Psychic,,1.0,34.5,5
607,Litwick,Funécire,Ghost,Fire,0.3,3.1,5
608,Lampent,Mélancolux,Ghost,Fire,0.6,13.0,5
609,Chandelure,Lugulabre,Ghost,Fire,1.0,34.3,5
610,Axew,Coupenotte,Dragon,,0.6,18.0,5
611,Fraxure,Incisache,Dragon,,1.0,36.0,5
612,Haxorus,Tranchodon,Dragon,,1.8,105.5,5
613,Cubchoo,Polarhume,Ice,,0.5,8.5,5
614,Beartic,Polagriffe,Ice,,2.6,260.0,5
615,Cryogonal,Hexagel,Ice,,1.1,148.0,5
616,Shelmet,Escargaume,Bug,,0.4,7.7,5
617,Accelgor,Limaspeed,Bug,,0.8,25.3,5
618,Stunfisk,Limonde,Ground,Electric,0.7,11.0,5
619,Mienfoo,Kungfouine,Fighting,,0.9,20.0,5
620,Mienshao,Shaofouine,Fighting,,1.4,35.5,5
621,Druddigon,Drakkarmin,Dragon,,1.6,139.0,5
622,Golett,Gringolem,Ground,Ghost,1.0,92.0,5
623,Golurk,Golemastoc,Ground,Ghost,2.8,330.0,5
624,Pawniard,Scalpion,Dark,Steel,0.5,10.2,5
625,Bisharp,Scalproie,Dark,Steel,1.6,70.0,5
626,Bouffalant,Frison,Normal,,1.6,94.6,5
627,Rufflet,Furaiglon,Normal,Flying,0.5,10.5,5
628,Braviary,Gueriaigle,Normal,Flying,1.5,41.0,5
629,Vullaby,Vostourno,Dark,Flying,0.5,9.0,5
630,Mandibuzz,Vaututrice,Dark,Flying,1.2,39.5,5
631,Heatmor,Aflamanoir,Fire,,1.4,58.0,5
632,Durant,Fermite,Bug,Steel,0.3,33.0,5
633,Deino,Solochi,Dark,Dragon,0.8,17.3,5
634,Zweilous,Diamat,Dark,Dragon,1.4,50.0,5
635,Hydreigon,Trioxhydre,Dark,Dragon,1.8,160.0,5
636,Larvesta,Pyronille,Bug,Fire,1.1,28.8,5
637,Volcarona,Pyrax,Bug,Fire,1.6,46.0,5
638,Cobalion,Cobaltium,Steel,Fighting,2.1,250.0,5
639,Terrakion,Terrakium,Rock,Fighting,1.9,260.0,5
640,Virizion,Viridium,Grass,Fighting,2.0,200.0,5
641,Tornadus,Boréas,Flying,,1.5,63.0,5
642,Thundurus,Fulguris,Electric,Flying,1.5,61.0,5
643,Reshiram,Reshiram,Dragon,Fire,3.2,330.0,5
644,Zekrom,Zekrom,Dragon,Electric,2.9,345.0,5
645,Landorus,Démétéros,Ground,Flying,1.5,68.0,5
646,Kyurem,Kyurem,Dragon,Ice,3.0,325.0,5
647,Keldeo,Keldeo,Water,Fighting,1.4,48.5,5
648,Meloetta,Meloetta,Normal,Psychic,0.6,6.5,5
649,Genesect,Genesect,Bug,Steel,1.5,82.5,5
650,Chespin,Marisson,Grass,,0.4,9.0,6
651,Quilladin,Boguérisse,Grass,,0.7,29.0,6
652,Chesnaught,Blindépique,Grass,Fighting,1.6,90.0,6
653,Fennekin,Feunnec,Fire,,0.4,9.4,6
654,Braixen,Roussil,Fire,,1.0,14.5,6
655,Delphox,Goupelin,Fire,Psychic,1.5,39.0,6
656,Froakie,Grenousse,Water,,0.3,7.0,6
657,Frogadier,Croâporal,Water,,0.6,10.9,6
658,Greninja,Amphinobi,Water,Dark,1.5,40.0,6
659,Bunnelby,Sapereau,Normal,,0.4,5.0,6
660,Diggersby,Excavarenne,Normal,Ground,1.0,42.4,6
661,Fletchling,Passerouge,Normal,Flying,0.3,1.7,6
662,Fletchinder,Braisillon,Fire,Flying,0.7,16.0,6
663,Talonflame,Flambusard,Fire,Flying,1.2,24.5,6
664,Scatterbug,Lépidonille,Bug,,0.3,2.5,6
665,Spewpa,Pérégrain,Bug,,0.3,8.4,6
666,Vivillon,Prismillon,Bug,Flying,1.2,17.0,6
667,Litleo,Hélionceau,Fire,Normal,0.6,13.5,6
668,Pyroar,Némélios,Fire,Normal,1.5,81.5,6
669,Flabébé,Flabébé,Fairy,,0.1,0.1,6
670,Floette,Floette,Fairy,,0.2,0.9,6
671,Florges,Florges,Fairy,,1.1,10.0,6
672,Skiddo,Cabriolaine,Grass,,0.9,31.0,6
673,Gogoat,Chevroum,Grass,,1.7,91.0,6
674,Pancham,Pandespiègle,Fighting,,0.6,8.0,6
675,Pangoro,Pandarbare,Fighting,Dark,2.1,136.0,6
676,Furfrou,Couafarel,Normal,,1.2,28.0,6
677,Espurr,Psystigri,Psychic,,0.3,3.5,6
678,Meowstic,Mistigrix,Psychic,,0.6,8.5,6
679,Honedge,Monorpale,Steel,Ghost,0.8,2.0,6
680,Doublade,Dimoclès,Steel,Ghost,0.8,4.5,6
681,Aegislash,Exagide,Steel,Ghost,1.7,53.0,6
682,Spritzee,Fluvetin,Fairy,,0.2,0.5,6
683,Aromatisse,Cocotine,Fairy,,0.8,15.5,6
684,Swirlix,Sucroquin,Fairy,,0.4,3.5,6
685,Slurpuff,Cupcanaille,Fairy,,0.8,5.0,6
686,Inkay,Sepiatop,Dark,Psychic,0.4,3.5,6
687,Malamar,Sepiatroce,Dark,Psychic,1.5,47.0,6
688,Binacle,Opermine,Rock,Water,0.5,31.0,6
689,Barbaracle,Golgopathe,Rock,Water,1.3,96.0,6
690,Skrelp,Venalgue,Poison,Water,0.5,7.3,6
691,Dragalge,Kravarech,Poison,Dragon,1.8,81.5,6
692,Clauncher,Flingouste,Water,,0.5,8.3,6
693,Clawitzer,Gamblast,Water,,1.3,35.3,6
694,Helioptile,Galvaran,Electric,Normal,0.5,6.0,6
695,Heliolisk,Iguolta,Electric,Normal,1.0,21.0,6
696,Tyrunt,Ptyranidur,Rock,Dragon,0.8,26.0,6
697,Tyrantrum,Rexillius,Rock,Dragon,2.5,270.0,6
698,Amaura,Amagara,Rock,Ice,1.3,25.2,6
699,Aurorus,Dragmara,Rock,Ice,2.7,225.0,6
700,Sylveon,Nymphali,Fairy,,1.0,23.5,6
701,Hawlucha,Brutalibré,Fighting,Flying,0.8,21.5,6
702,Dedenne,Dedenne,Electric,Fairy,0.2,2.2,6
703,Carbink,Strassie,Rock,Fairy,0.3,5.7,6
704,Goomy,Mucuscule,Dragon,,0.3,2.8,6
705,Sliggoo,Colimucus,Dragon,,0.8,17.5,6
706,Goodra,Muplodocus,Dragon,,2.0,150.5,6
707,Klefki,Trousselin,Steel,Fairy,0.2,3.0,6
708,Phantump,Brocélôme,Ghost,Grass,0.4,7.0,6
709,Trevenant,Desséliande,Ghost,Grass,1.5,71.0,6
710,Pumpkaboo,Pitrouille,Ghost,Grass,0.4,5.0,6
711,Gourgeist,Banshitrouye,Ghost,Grass,0.9,12.5,6
712,Bergmite,Grelaçon,Ice,,1.0,99.5,6
713,Avalugg,Séracrawl,Ice,,2.0,505.0,6
714,Noibat,Sonistrelle,Flying,Dragon,0.5,8.0,6
715,Noivern,Bruyverne,Flying,Dragon,1.5,85.0,6
716,Xerneas,Xerneas,Fairy,,3.0,215.0,6
717,Yveltal,Yveltal,Dark,Flying,5.8,203.0,6
718,Zygarde,Zygarde,Dragon,Ground,5.0,305.0,6
719,Diancie,Diancie,Rock,Fairy,0.7,8.8,6
720,Hoopa,Hoopa,Psychic,Ghost,0.5,9.0,6
721,Volcanion,Volcanion,Fire,Water,1.7,195.0,6
722,Rowlet,Brindibou,Grass,Flying,0.3,1.5,7
723,Dartrix,Efflèche,Grass,Flying,0.7,16.0,7
724,Decidueye,Archéduc,Grass,Ghost,1.6,36.6,7
725,Litten,Flamiaou,Fire,,0.4,4.3,7
726,Torracat,Matoufeu,Fire,,0.7,25.0,7
727,Incineroar,Félinferno,Fire,Dark,1.8,83.0,7
728,Popplio,Otaquin,Water,,0.4,7.5,7
729,Brionne,Otarlette,Water,,0.6,17.5,7
730,Primarina,Oratoria,Water,Fairy,1.8,44.0,7
731,Pikipek,Picassaut,Normal,Flying,0.3,1.2,7
732,Trumbeak,Piclairon,Normal,Flying,0.6,14.8,7
733,Toucannon,Bazoucan,Normal,Flying,1.1,26.0,7
734,Yungoos,Manglouton,Normal,,0.4,6.0,7
735,Gumshoos,Argouste,Normal,,0.7,14.2,7
736,Grubbin,Larvibule,Bug,,0.4,4.4,7
737,Charjabug,Chrysapile,Bug,Electric,0.5,10.5,7
738,Vikavolt,Lucanon,Bug,Electric,1.5,45.0,7
739,Crabrawler,Crabagarre,Fighting,,0.6,7.0,7
740,Crabominable,Crabominable,Fighting,Ice,1.7,180.0,7
741,Oricorio,Plumeline,Fire,Flying,0.6,3.4,7
742,Cutiefly,Bombydou,Bug,Fairy,0.1,0.2,7
743,Ribombee,Rubombelle,Bug,Fairy,0.2,0.5,7
744,Rockruff,Rocabot,Rock,,0.5,9.2,7
745,Lycanroc,Lougaroc,Rock,,0.8,25.0,7
746,Wishiwashi,Froussardine,Water,,0.2,0.3,7
747,Mareanie,Vorastérie,Poison,Water,0.4,8.0,7
748,Toxapex,Prédastérie,Poison,Water,0.7,14.5,7
749,Mudbray,Tiboudet,Ground,,1.0,110.0,7
750,Mudsdale,Bourrinos,Ground,,2.5,920.0,7
751,Dewpider,Araqua,Water,Bug,0.3,4.0,7
752,Araquanid,Tarenbulle,Water,Bug,1.8,82.0,7
753,Fomantis,Mimantis,Grass,,0.3,1.5,7
754,Lurantis,Floramantis,Grass,,0.9,18.5,7
755,Morelull,Spododo,Grass,Fairy,0.2,1.5,7
756,Shiinotic,Lampignon,Grass,Fairy,1.0,11.5,7
757,Salandit,Tritox,Poison,Fire,0.6,4.8,7
758,Salazzle,Malamandre,Poison,Fire,1.2,22.2,7
759,Stufful,Nounourson,Normal,Fighting,0.5,6.8,7
760,Bewear,Chelours,Normal,Fighting,2.1,135.0,7
761,Bounsweet,Croquine,Grass,,0.3,3.2,7
762,Steenee,Candine,Grass,,0.7,8.2,7
763,Tsareena,Sucreine,Grass,,1.2,21.4,7
764,Comfey,Guérilande,Fairy,,0.1,0.3,7
765,Oranguru,Gouroutan,Normal,Psychic,1.5,76.0,7
766,Passimian,Quartermac,Fighting,,2.0,82.8,7
767,Wimpod,Sovkipou,Bug,Water,0.5,12.0,7
768,Golisopod,Sarmuraï,Bug,Water,2.0,108.0,7
769,Sandygast,Bacabouh,Ghost,Ground,0.5,70.0,7
770,Palossand,Trépassable,Ghost,Ground,1.3,250.0,7
771,Pyukumuku,Concombaffe,Water,,0.3,1.2,7
772,Type: Null,Type:0,Normal,,1.9,120.5,7
773,Silvally,Silvallié,Normal,,2.3,100.5,7
774,Minior,Météno,Rock,Flying,0.3,40.0,7
775,Komala,Dodoala,Normal,,0.4,19.9,7
776,Turtonator,Boumata,Fire,Dragon,2.0,212.0,7
777,Togedemaru,Togedemaru,Electric,Steel,0.3,3.3,7
778,Mimikyu,Mimiqui,Ghost,Fairy,0.2,0.7,7
779,Bruxish,Denticrisse,Water,Psychic,0.9,19.0,7
780,Drampa,Draïeul,Normal,Dragon,3.0,185.0,7
781,Dhelmise,Sinistrail,Ghost,Grass,3.9,210.0,7
782,Jangmo-o,Bébécaille,Dragon,,0.6,29.7,7
783,Hakamo-o,Écaïd,Dragon,Fighting,1.2,47.0,7
784,Kommo-o,Ékaïser,Dragon,Fighting,1.6,78.2,7
785,Tapu Koko,Tokorico,Electric,Fairy,1.8,20.5,7
786,Tapu Lele,Tokopiyon,Psychic,Fairy,1.2,18.6,7
787,Tapu Bulu,Tokotoro,Grass,Fairy,1.9,45.5,7
788,Tapu Fini,Tokopisco,Water,Fairy,1.3,21.2,7
789,Cosmog,Cosmog,Psychic,,0.2,0.1,7
790,Cosmoem,Cosmovum,Psychic,,0.1,999.9,7
791,Solgaleo,Solgaleo,Psychic,Steel,3.4,230.0,7
792,Lunala,Lunala,Psychic,Ghost,4.0,120.0,7
793,Nihilego,Zéroïd,Rock,Poison,1.2,55.5,7
794,Buzzwole,Mouscoto,Bug,Fighting,2.4,333.6,7
795,Pheromosa,Cancrelove,Bug,Fighting,1.8,25.0,7
796,Xurkitree,Câblifère,Electric,,3.8,100.0,7
797,Celesteela,Bamboiselle,Steel,Flying,9.2,999.9,7
798,Kartana,Katagami,Grass,Steel,0.3,0.1,7
799,Guzzlord,Engloutyran,Dark,Dragon,5.5,888.0,7
800,Necrozma,Necrozma,Psychic,,2.4,230.0,7
801,Magearna,Magearna,Steel,Fairy,1.0,80.5,7
802,Marshadow,Marshadow,Fighting,Ghost,0.7,22.2,7
803,Poipole,Vémini,Poison,,0.6,1.8,7
804,Naganadel,Mandrillon,Poison,Dragon,3.6,150.0,7
805,Stakataka,Ama-Ama,Rock,Steel,5.5,820.0,7
806,Blacephalon,Pierroteknik,Fire,Ghost,1.8,13.0,7
807,Zeraora,Zeraora,Electric,,1.5,44.5,7
808,Meltan,Meltan,Steel,,0.2,8.0,7
809,Melmetal,Melmetal,Steel,,2.5,800.0,7
810,Grookey,Ouistempo,Grass,,0.3,5.0,8
811,Thwackey,Badabouin,Grass,,0.7,14.0,8
812,Rillaboom,Gorythmic,Grass,,2.1,90.0,8
813,Scorbunny,Flambino,Fire,,0.3,4.5,8
814,Raboot,Lapyro,Fire,,0.6,9.0,8
815,Cinderace,Pyrobut,Fire,,1.4,33.0,8
816,Sobble,Larméléon,Water,,0.3,4.0,8
817,Drizzile,Arrozard,Water,,0.7,11.5,8
818,Inteleon,Lézargus,Water,,1.9,45.2,8
819,Skwovet,Rongourmand,Normal,,0.3,2.5,8
820,Greedent,Rongrigou,Normal,,0.6,6.0,8
821,Rookidee,Minisange,Flying,,0.2,1.8,8
822,Corvisquire,Bleuseille,Flying,,0.8,16.0,8
823,Corviknight,Corvaillus,Flying,Steel,2.2,75.0,8
824,Blipbug,Larvadar,Bug,,0.4,8.0,8
825,Dottler,Coléodôme,Bug,Psychic,0.4,19.5,8
826,Orbeetle,Astronelle,Bug,Psychic,0.4,40.8,8
827,Nickit,Goupilou,Dark,,0.6,8.9,8
828,Thievul,Roublenard,Dark,,1.2,19.9,8
829,Gossifleur,Tournicoton,Grass,,0.4,2.2,8
830,Eldegoss,Blancoton,Grass,,0.5,2.5,8
831,Wooloo,Moumouton,Normal,,0.6,6.0,8
832,Dubwool,Moumouflon,Normal,,1.3,43.0,8
833,Chewtle,Khélocrok,Water,,0.3,8.5,8
834,Drednaw,Torgamord,Water,Rock,1.0,115.5,8
835,Yamper,Voltoutou,Electric,,0.3,13.5,8
836,Boltund,Fulgudog,Electric,,1.0,34.0,8
837,Rolycoly,Charbi,Rock,,0.3,12.0,8
838,Carkol,Wagomine,Rock,Fire,1.1,78.0,8
839,Coalossal,Monthracite,Rock,Fire,2.8,310.5,8
840,Applin,Verpom,Grass,Dragon,0.2,0.5,8
841,Flapple,Pomdrapi,Grass,Dragon,0.3,1.0,8
842,Appletun,Dratatin,Grass,Dragon,0.4,13.0,8
843,Silicobra,Dunaja,Ground,,2.2,7.6,8
844,Sandaconda,Dunaconda,Ground,,3.8,65.5,8
845,Cramorant,Nigosier,Flying,Water,0.8,18.0,8
846,Arrokuda,Embrochet,Water,,0.5,1.0,8
847,Barraskewda,Hastacuda,Water,,1.3,30.0,8
848,Toxel,Toxizap,Electric,Poison,0.4,11.0,8
849,Toxtricity,Salarsen,Electric,Poison,1.6,40.0,8
850,Sizzlipede,Grillepattes,Fire,Bug,0.7,1.0,8
851,Centiskorch,Scolocendre,Fire,Bug,3.0,120.0,8
852,Clobbopus,Poulpaf,Fighting,,0.6,4.0,8
853,Grapploct,Krakos,Fighting,,1.6,39.0,8
854,Sinistea,Théffroi,Ghost,,0.1,0.2,8
855,Polteageist,Polthégeist,Ghost,,0.2,0.4,8
856,Hatenna,Bibichut,Psychic,,0.4,3.4,8
857,Hattrem,Chapotus,Psychic,,0.6,4.8,8
858,Hatterene,Sorcilence,Psychic,Fairy,2.1,5.0,8
859,Impidimp,Grimalin,Dark,Fairy,0.4,5.5,8
860,Morgrem,Fourbelin,Dark,Fairy,0.8,12.5,8
861,Grimmsnarl,Angoliath,Dark,Fairy,1.5,61.0,8
862,Obstagoon,Ixon,Dark,Normal,1.6,46.0,8
863,Perrserker,Berserkatt,Steel,,0.8,28.0,8
864,Cursola,Corayôme,Ghost,,1.0,0.4,8
865,Sirfetch'd,Palarticho,Fighting,,0.8,117.0,8
866,Mr. Rime,M. Glaquette,Ice,Psychic,1.5,58.2,8
867,Runerigus,Tutétékri,Ground,Ghost,1.6,66.6,8
868,Milcery,Crèmy,Fairy,,0.2,0.3,8
869,Alcremie,Charmilly,Fairy,,0.3,0.5,8
870,Falinks,Hexadron,Fighting,,3.0,62.0,8
871,Pincurchin,Wattapik,Electric,,0.3,1.0,8
872,Snom,Frissonille,Ice,Bug,0.3,3.8,8
873,Frosmoth,Beldeneige,Ice,Bug,1.3,42.0,8
874,Stonjourner,Dolman,Rock,,2.5,520.0,8
875,Eiscue,Bekaglaçon,Ice,,1.4,89.0,8
876,Indeedee,Wimessir,Psychic,Normal,0.9,28.0,8
877,Morpeko,Morpeko,Electric,Dark,0.3,3.0,8
878,Cufant,Charibari,Steel,,1.2,100.0,8
879,Copperajah,Pachyradjah,Steel,,3.0,650.0,8
880,Dracozolt,Galvagon,Electric,Dragon,1.8,190.0,8
881,Arctozolt,Galvagla,Electric,Ice,2.3,150.0,8
882,Dracovish,Hydragon,Water,Dragon,2.3,215.0,8
883,Arctovish,Hydragla,Water,Ice,2.0,175.0,8
884,Duraludon,Duralugon,Steel,Dragon,1.8,40.0,8
885,Dreepy,Fantyrm,Dragon,Ghost,0.5,2.0,8
886,Drakloak,Dispareptil,Dragon,Ghost,1.4,11.0,8
887,Dragapult,Lanssorien,Dragon,Ghost,3.0,50.0,8
888,Zacian,Zacian,Fairy,Steel,2.8,355.0,8
889,Zamazenta,Zamazenta,Fighting,Steel,2.9,785.0,8
890,Eternatus,Éthernatos,Poison,Dragon,20.0,950.0,8
891,Kubfu,Wushours,Fighting,,0.6,12.0,8
892,Urshifu,Shifours,Fighting,Dark,1.9,105.0,8
893,Zarude,Zarude,Dark,Grass,1.8,70.0,8
894,Regieleki,Regieleki,Electric,,1.2,145.0,8
895,Regidrago,Regidrago,Dragon,,2.1,200.0,8
896,Glastrier,Blizzeval,Ice,,2.2,800.0,8
897,Spectrier,Spectreval,Ghost,,2.0,44.5,8
898,Calyrex,Sylveroy,Psychic,Grass,1.1,7.7,8
